学号,姓名
2359086,卢涛
2356315,魏俊杰
2354606,曾军
2355500,曹洋
2358378,胡敏
2352059,冯文
2359866,宋小伟
2353248,马欣然
2359028,高春梅
2354153,罗浩然
2352752,袁子豪
2357365,宋超
2356225,于刚
2354398,吕超
2355252,卢佳豪
2351764,高翠平
2355718,程建国
2355109,马敏
2359501,徐小明
2354368,马德华
2353633,丁春梅
2352460,傅雪梅
2356838,沈雪梅
2356678,蒋明
2353979,袁洋
2352486,吕翠平
2356323,蒋子轩
2353802,韩春梅
2357997,程建军
2356775,郭丽
2352545,贾秀珍
2354106,傅志强
2352634,刘浩然
2356026,董佳欣
2355680,程秀荣
2356118,于建国
2351635,刘娜
2358502,徐霞
2357074,唐秀珍
2359659,卢佳豪
2352669,梁子轩
2352975,傅海燕
2352712,傅志强
2358704,刘军
2353113,曹娟
2358829,郑金凤
2358018,杨秀珍
2353930,宋秀荣
2353246,杨欣然
2356878,董子轩
2358250,梁强
2356413,于小强
2353995,苏桂英
2355701,贾秀兰
2358303,彭艳
2354677,郭敏
2356236,吴俊杰
2357070,吴丽娟
2358808,吴超
2358729,郭小红
2359527,贾小娟
2359170,萧美玲
2359416,孙小芳
2351732,蔡明
2355896,袁杰
2358711,谢丽娟
2359439,卢丽
2356092,赵娟
2357444,叶丽
2357692,叶华
2356352,袁小芳
2355907,何丽娟
2358335,董浩然
2354781,王霞
2358022,罗超
2351542,蔡德华
2359322,袁美玲
2351480,李欣然
2356257,周俊杰
2358661,傅素英
2359984,孙秀英
2352203,唐平
2359313,吴伟
2351951,韩小伟
2356442,陈小芳
2358753,萧静
2352202,丁桂英
2353259,蔡志强
2351330,董小杰
2353471,吕平
2353984,胡华
2359354,胡军
2351357,卢素英
2356922,薛小伟
2351836,谢杰
2353269,梁秀荣
2354661,郭金凤
2351624,傅秀珍
2355544,唐美玲
2353553,高秀荣
